{
  "id": "dnd5e-night-vision",
  "title": "Night Vision (D&D 5e)",
  "version": "1.0.0",
  "compatibility": {
    "minimum": "12",
    "verified": "13"
  },
  "relationships": {
    "systems": [
      {
        "id": "dnd5e",
        "type": "system",
        "compatibility": {}
      }
    ]
  },
  "description": "Automates Darkvision for D&D 5e tokens.",
  "authors": [
    {
      "name": "yurifrl",
      "flags": {}
    }
  ],
  "scripts": [
    "scripts/night_vision_script.js"
  ],
  "url": "https://github.com/yurifrl/fvtt-dnd5e-night-vision",
  "manifest": "https://github.com/yurifrl/fvtt-dnd5e-night-vision/releases/latest/download/module.json",
  "download": "https://github.com/yurifrl/fvtt-dnd5e-night-vision/releases/download/1.0.0/module.zip"
}
