{
  "id": "wfrp4e-night-vision",
  "title": "Night Vision (WFRP4e)",
  "version": "1.5.0",
  "compatibility": {
    "minimum": "12",
    "verified": "13"
  },
  "relationships": {
    "systems": [
      {
        "id": "wfrp4e",
        "type": "system",
        "compatibility": {}
      }
    ]
  },
  "description": "Automates the Night Vision talent for WFRP4e. Supports both yards and meters.",
  "authors": [
    {
      "name": "thefirst",
      "discord": "thefirst5",
      "flags": {}
    },
    {
      "name": "yurifrl",
      "flags": {}
    }
  ],
  "scripts": [
    "scripts/night_vision_script.js"
  ],
  "url": "https://github.com/yurifrl/fvtt-wfrp4e-night-vision",
  "manifest": "https://github.com/yurifrl/fvtt-wfrp4e-night-vision/releases/latest/download/module.json",
  "download": "https://github.com/yurifrl/fvtt-wfrp4e-night-vision/releases/download/1.5.0/module.zip"
}
